affixproject_PARTICIPANT_SESSION_2023-07-13_12h23.29.826.csv, 5d97c38dce449e001244dc15
affixproject_PARTICIPANT_SESSION_2023-07-13_12h31.05.860.csv, 60d87fdab51e54fe4863f97f
affixproject_PARTICIPANT_SESSION_2023-07-13_12h54.50.327.csv, 60b55a6d44e17d6f0b810cdd
affixproject_PARTICIPANT_SESSION_2023-07-13_12h56.10.404.csv, 6175a0a52e748285b3476b27
affixproject_PARTICIPANT_SESSION_2023-07-13_12h57.56.733.csv, 614060a52d7c64c27ef9887c
affixproject_PARTICIPANT_SESSION_2023-07-13_12h58.21.911.csv, 60ba2011cd8052508d401296
affixproject_PARTICIPANT_SESSION_2023-07-13_13h02.33.82.csv, 5ee7b7c9eef92207297a0ad4
affixproject_PARTICIPANT_SESSION_2023-07-13_13h02.48.417.csv, 5f4cc4ea00dba58ecd5a98a4
affixproject_PARTICIPANT_SESSION_2023-07-13_13h03.17.76.csv, 5fb7b8880045d6396a86c803
affixproject_PARTICIPANT_SESSION_2023-07-13_13h03.42.872.csv, 615c43b800752a4f3d0fd1f0
affixproject_PARTICIPANT_SESSION_2023-07-13_13h12.02.185.csv, 5feb64b3341f42bb63200e36
affixproject_PARTICIPANT_SESSION_2023-07-13_13h19.09.918.csv, 60c9c6e1728092717b93abde
affixproject_PARTICIPANT_SESSION_2023-07-13_13h29.26.445.csv, 5f3161410f87706425490ae1
affixproject_PARTICIPANT_SESSION_2023-07-13_15h24.12.669.csv, 5cb4adc019ee7300189e8547
affixproject_PARTICIPANT_SESSION_2023-07-13_15h26.11.319.csv, 5cf14e1eb4397d0001f94e20
affixproject_PARTICIPANT_SESSION_2023-07-13_15h27.37.983.csv, 5caca6b4a9acb200011a6547
affixproject_PARTICIPANT_SESSION_2023-07-13_15h28.25.174.csv, 5e823b35726b2a9508db127c
affixproject_PARTICIPANT_SESSION_2023-07-13_15h29.34.521.csv, 61158a5c1d8390415ff117a8
affixproject_PARTICIPANT_SESSION_2023-07-13_15h34.47.832.csv, 5ed54d02957bee0c0de36cac
affixproject_PARTICIPANT_SESSION_2023-07-13_15h44.08.673.csv, 5e8783b0fde5153fbd9dca43
affixproject_PARTICIPANT_SESSION_2023-07-13_18h25.04.551.csv, 612d5712d75b6c46b4cefc63
affixproject_PARTICIPANT_SESSION_2023-07-13_19h03.00.734.csv, 5fb3f38909fc360164f7c98d
affixproject_PARTICIPANT_SESSION_2023-07-13_19h44.23.218.csv, 608edc13472b2dbc27b369fa
affixproject_PARTICIPANT_SESSION_2023-07-13_19h46.19.293.csv, 60a45e33f404ba8cb7a19cfe
affixproject_PARTICIPANT_SESSION_2023-07-13_19h47.19.467.csv, 60ddf71e95896d2595f0e1a5
affixproject_PARTICIPANT_SESSION_2023-07-13_19h49.45.576.csv, 608abc6251feb3ddc3b2e01d
affixproject_PARTICIPANT_SESSION_2023-07-13_19h52.38.61.csv, 5f11ccbc1a1a2c08b4a99efb
affixproject_PARTICIPANT_SESSION_2023-07-13_19h54.55.761.csv, 60fd703ecd62eb39eb07c328
affixproject_PARTICIPANT_SESSION_2023-07-13_20h00.09.613.csv, 60f1846c851ee5a978a0e015
affixproject_PARTICIPANT_SESSION_2023-07-13_20h05.13.761.csv, 605c9355001a5eb6d51e657d
affixproject_PARTICIPANT_SESSION_2023-07-13_20h23.49.701.csv, 5c5e04ca6539fe00016e1afa
affixproject_PARTICIPANT_SESSION_2023-07-13_20h26.52.91.csv, 6161f43ddd46e845e7b3fab8
affixproject_PARTICIPANT_SESSION_2023-07-13_20h28.37.658.csv, 6048158f62550615002408af
affixproject_PARTICIPANT_SESSION_2023-07-14_10h55.30.539.csv, 5e80c7d61a07dd7b0d8f0111
affixproject_PARTICIPANT_SESSION_2023-07-14_10h56.46.378.csv, 5ec806f532fe7d2afa2e315b
affixproject_PARTICIPANT_SESSION_2023-07-14_11h00.47.243.csv, 5e99d95e0f50aa04266ad4ad
affixproject_PARTICIPANT_SESSION_2023-07-14_11h05.33.929.csv, 609568823ff056b77e565445
affixproject_PARTICIPANT_SESSION_2023-07-14_11h08.27.862.csv, 613d091096ca434d703f77c5
affixproject_PARTICIPANT_SESSION_2023-07-14_11h13.30.732.csv, 5e82e99b37d333a1474dda93
affixproject_PARTICIPANT_SESSION_2023-07-14_11h49.11.447.csv, 59aaf4b1321f870001d16f6c
affixproject_PARTICIPANT_SESSION_2023-08-28_10h52.14.504.csv, 648b962b8fdb1fa686213ac1
affixproject_PARTICIPANT_SESSION_2023-08-28_14h26.02.202.csv, 611d33d7cc16fdd812b1a4c4
affixproject_PARTICIPANT_SESSION_2023-08-28_14h27.12.174.csv, 5f5282f98bb76c54f2c603a7
affixproject_PARTICIPANT_SESSION_2023-08-28_14h56.33.445.csv, 5b715800b31d480001eda165
affixproject_PARTICIPANT_SESSION_2023-08-28_15h00.19.578.csv, 5c5baaec192d350001d5c8e4
affixproject_PARTICIPANT_SESSION_2023-08-28_15h00.29.502.csv, 5fbbdd11ff4568d9cc3536fb
affixproject_PARTICIPANT_SESSION_2023-08-28_15h01.30.204.csv, 5eff6828a958150135ede8a4
affixproject_PARTICIPANT_SESSION_2023-08-28_15h02.06.244.csv, 58f50400f4ce600001016db5
affixproject_PARTICIPANT_SESSION_2023-08-28_15h03.37.814.csv, 61533ead92c280c34cc22482
affixproject_PARTICIPANT_SESSION_2023-08-28_15h03.43.445.csv, 60fd0845a9a6b47d7adfea22
affixproject_PARTICIPANT_SESSION_2023-08-28_15h13.20.961.csv, 612b5ed8c3b1fcb978aad0a8
affixproject_PARTICIPANT_SESSION_2023-08-28_15h34.46.247.csv, 60d8873c18e520a7d5ae555f
affixproject_PARTICIPANT_SESSION_2023-08-28_15h35.34.312.csv, 64526929d8f9b780b29d4d8d
affixproject_PARTICIPANT_SESSION_2023-08-28_15h51.06.423.csv, 6127f94d2af664941ae3bf4f
affixproject_PARTICIPANT_SESSION_2023-08-28_15h58.02.467.csv, 5be84b9a40b06b0001370c9f
affixproject_PARTICIPANT_SESSION_2023-08-28_16h00.03.671.csv, 60fd913b3fd4aeea9829cff3
affixproject_PARTICIPANT_SESSION_2023-08-28_16h00.42.415.csv, 60bb62cbaccd206e3502516e
affixproject_PARTICIPANT_SESSION_2023-08-28_16h04.32.990.csv, 603e0fefed5529d4b14e3546
affixproject_PARTICIPANT_SESSION_2023-08-28_16h21.29.529.csv, 5ed02ffb8090240f93ab74ad
affixproject_PARTICIPANT_SESSION_2023-08-28_16h30.11.437.csv, 5fdf808af53c7a7e9199b430
affixproject_PARTICIPANT_SESSION_2023-08-28_16h30.29.230.csv, 605de3af48d7a575adb95b09
affixproject_PARTICIPANT_SESSION_2023-08-28_16h35.00.116.csv, 5fd0c81fc79aef1882cbee94
affixproject_PARTICIPANT_SESSION_2023-08-28_16h37.39.76.csv, 5ee25b060f0ccf35b31431af
affixproject_PARTICIPANT_SESSION_2023-08-28_16h38.24.433.csv, 614e230ff8700b32ea648508
affixproject_PARTICIPANT_SESSION_2023-08-28_16h41.26.949.csv, 5fc65d9cc4575b0b47981de8
affixproject_PARTICIPANT_SESSION_2023-08-28_16h43.00.808.csv, 60b87f3ca1dbf6bb340c9bb0
affixproject_PARTICIPANT_SESSION_2023-08-28_16h44.29.420.csv, 61086c2bfda98ba5d75b9db4
affixproject_PARTICIPANT_SESSION_2023-08-28_16h49.41.325.csv, 5f60713e595007000a8e1da7
affixproject_PARTICIPANT_SESSION_2023-08-28_16h55.15.888.csv, 6136aa846e80ebd7daf6e148
affixproject_PARTICIPANT_SESSION_2023-08-28_17h06.39.39.csv, 6172a1d4cffa5162140cc8c2
affixproject_PARTICIPANT_SESSION_2023-10-03_07h22.08.401.csv, 60fd0f49858465796afd5da9
affixproject_PARTICIPANT_SESSION_2023-10-03_08h14.46.614.csv, 6172078b966225960be2a7b5
affixproject_PARTICIPANT_SESSION_2023-10-03_08h17.01.300.csv, 610834993bac40f050062896
affixproject_PARTICIPANT_SESSION_2023-10-03_08h25.57.784.csv, 613ab1e64acd61ebd0a7116d
affixproject_PARTICIPANT_SESSION_2023-10-03_10h01.33.61.csv, 613a73d06cf1fcfef304d3fa
affixproject_PARTICIPANT_SESSION_2023-10-03_10h05.58.14.csv, 5e9bd025eb6b380e1d66d04c
affixproject_PARTICIPANT_SESSION_2023-10-03_10h15.18.349.csv, 6147aed5b2a4f748dc2b6ba4
affixproject_PARTICIPANT_SESSION_2023-10-03_11h11.31.406.csv, 5f5a713d37f71112463ab4d9
affixproject_PARTICIPANT_SESSION_2023-10-03_11h12.29.51.csv, 5fc44d83862e3e79b02e0438
affixproject_PARTICIPANT_SESSION_2023-10-03_11h17.54.872.csv, 606dc21c1ce7dc64af9d81fb
affixproject_PARTICIPANT_SESSION_2023-10-03_11h19.38.896.csv, 5ee942381a22491bbb7170f8
affixproject_PARTICIPANT_SESSION_2023-10-03_11h20.17.392.csv, 5e433ed3393e971e19f4735d
affixproject_PARTICIPANT_SESSION_2023-10-03_11h29.44.64.csv, 6455490f7c5f35e4221a810a
affixproject_PARTICIPANT_SESSION_2023-10-03_13h56.29.141.csv, 5ee83da8817af0000d47448f
affixproject_PARTICIPANT_SESSION_2023-10-03_14h06.35.371.csv, 61616ce2bb94584e11c911af
affixproject_PARTICIPANT_SESSION_2023-10-03_14h06.54.23.csv, 6122966a93af160af481836c
affixproject_PARTICIPANT_SESSION_2023-10-03_14h23.52.632.csv, 5ed013f88fce6e0d858b732e
affixproject_PARTICIPANT_SESSION_2023-10-03_14h55.52.217.csv, 608c64e14968cdd8dcbe1be4
affixproject_PARTICIPANT_SESSION_2023-10-03_14h58.53.370.csv, 600e0dadada7da69afc5b3de
affixproject_PARTICIPANT_SESSION_2023-10-03_15h00.19.409.csv, 6170821d1e8ffb9c893b28a4
affixproject_PARTICIPANT_SESSION_2023-10-03_15h01.06.181.csv, 5f19fa0f3e85b20d0336258c
affixproject_PARTICIPANT_SESSION_2023-10-03_15h02.55.392.csv, 6140ff9c5750f0081ca8d71f
affixproject_PARTICIPANT_SESSION_2023-10-03_15h07.24.702.csv, 60bbe0da43325dadf2b1b6a9
affixproject_PARTICIPANT_SESSION_2023-10-03_15h07.57.833.csv, 60664619eac28843177fee96
affixproject_PARTICIPANT_SESSION_2023-10-03_15h08.27.604.csv, 5f858743256d25036d9fa693
affixproject_PARTICIPANT_SESSION_2023-10-03_15h08.39.846.csv, 610f2eabb45be8717fc155e0
affixproject_PARTICIPANT_SESSION_2023-10-03_15h09.34.21.csv, 5e283f8ad48ecf000ddd0724
affixproject_PARTICIPANT_SESSION_2023-10-03_15h10.47.473.csv, 60a68725b2b424dc0d7ce793
affixproject_PARTICIPANT_SESSION_2023-10-03_15h11.10.879.csv, 5eaf1c50f3540c614eb973a5
affixproject_PARTICIPANT_SESSION_2023-10-03_15h11.49.423.csv, 5f99cee5a2a7d109a1624e10
affixproject_PARTICIPANT_SESSION_2023-10-03_15h12.41.317.csv, 60883a7e91c0be66dbb96fc8
affixproject_PARTICIPANT_SESSION_2023-10-03_15h13.11.276.csv, 61548fa2b637194e04c9bc09
affixproject_PARTICIPANT_SESSION_2023-10-03_15h13.15.510.csv, 5ee623674afa60375e30eec3
affixproject_PARTICIPANT_SESSION_2023-10-03_15h14.03.976.csv, 5cefe8856e0eec00015971dd
affixproject_PARTICIPANT_SESSION_2023-10-03_15h15.02.394.csv, 5dab6e7d80e1780016d5bc9b
affixproject_PARTICIPANT_SESSION_2023-10-03_15h15.06.845.csv, 6092e2aac56871319199b6a5
affixproject_PARTICIPANT_SESSION_2023-10-03_15h15.29.398.csv, 5fa59d4d5a29c90da975efe9
affixproject_PARTICIPANT_SESSION_2023-10-03_15h15.50.505.csv, 5e89e89bf025be000c01eead
affixproject_PARTICIPANT_SESSION_2023-10-03_15h16.05.873.csv, 611e7d1295185bf6f56fd951
affixproject_PARTICIPANT_SESSION_2023-10-03_15h17.03.658.csv, 608858869a591bd129fbbc6c
affixproject_PARTICIPANT_SESSION_2023-10-03_15h17.13.848.csv, 60123adc24c9f126819861b6
affixproject_PARTICIPANT_SESSION_2023-10-03_15h17.25.144.csv, 6140f1c4ead758f1b72bbe2f
affixproject_PARTICIPANT_SESSION_2023-10-03_15h18.26.618.csv, 5e12048c7605fe8839180a14
affixproject_PARTICIPANT_SESSION_2023-10-03_15h18.37.187.csv, 64973d83e4fc64d6ae59c370
affixproject_PARTICIPANT_SESSION_2023-10-03_15h18.39.512.csv, 5b212164cfbf200001cfb3ad
affixproject_PARTICIPANT_SESSION_2023-10-03_15h18.44.166.csv, 5f6cd5ce1758e90f12ae1123
affixproject_PARTICIPANT_SESSION_2023-10-03_15h19.06.449.csv, 5f11c9f84078cd0888177499
affixproject_PARTICIPANT_SESSION_2023-10-03_15h19.34.339.csv, 5fe2308a91773957e88b89be
affixproject_PARTICIPANT_SESSION_2023-10-03_15h20.18.455.csv, 5d9a125f1714540016a40a27
affixproject_PARTICIPANT_SESSION_2023-10-03_15h20.44.221.csv, 60b7b8126c0c4524e913236e
affixproject_PARTICIPANT_SESSION_2023-10-03_15h20.48.648.csv, 605aa0bb5fb71bbcf0808892
affixproject_PARTICIPANT_SESSION_2023-10-03_15h21.18.341.csv, 60645fe61129208791535d15
affixproject_PARTICIPANT_SESSION_2023-10-03_15h22.04.710.csv, 5efd2964d36f63162f263795
affixproject_PARTICIPANT_SESSION_2023-10-03_15h22.23.280.csv, 608c2e566d92c2aa3543e2d2
affixproject_PARTICIPANT_SESSION_2023-10-03_15h22.55.254.csv, 5caccaed2f93d700157b4782
affixproject_PARTICIPANT_SESSION_2023-10-03_15h23.02.789.csv, 5fd69a0014c3b25ee539f66b
affixproject_PARTICIPANT_SESSION_2023-10-03_15h23.03.597.csv, 5f784f5b98f4963cdf902340
affixproject_PARTICIPANT_SESSION_2023-10-03_15h23.05.158.csv, 60d7605d7af8d66774061717
affixproject_PARTICIPANT_SESSION_2023-10-03_15h23.20.607.csv, 601b5c79e845ac360826c9df
affixproject_PARTICIPANT_SESSION_2023-10-03_15h23.23.861.csv, 5e42f03607b468000d8eb912
affixproject_PARTICIPANT_SESSION_2023-10-03_15h23.42.747.csv, 5ea171c1a8782801263e7540
affixproject_PARTICIPANT_SESSION_2023-10-03_15h24.08.79.csv, 616891e25a026e1f7262116c
affixproject_PARTICIPANT_SESSION_2023-10-03_15h25.53.508.csv, 601ffb441dc6d959b855eea5
affixproject_PARTICIPANT_SESSION_2023-10-03_15h25.58.533.csv, 5ec1c01a8ccaaa5ec0080c91
affixproject_PARTICIPANT_SESSION_2023-10-03_15h29.09.702.csv, 5ae5db897edeb000014a85ee
affixproject_PARTICIPANT_SESSION_2023-10-03_15h29.33.959.csv, 5fa5793490f10705755818c0
affixproject_PARTICIPANT_SESSION_2023-10-03_15h35.45.774.csv, 616631efeeac0979c1ba85a9
affixproject_PARTICIPANT_SESSION_2023-10-03_15h38.24.287.csv, 5f09d989eff16b266fba44c0
affixproject_PARTICIPANT_SESSION_2023-10-03_15h40.33.638.csv, 5c19254b0b9f6b00014769ee
affixproject_PARTICIPANT_SESSION_2023-10-03_15h44.59.131.csv, 60e12640be1b69b66053d55b
affixproject_PARTICIPANT_SESSION_2023-10-03_15h47.19.440.csv, 616494f1ae4537c01914c758
affixproject_PARTICIPANT_SESSION_2023-10-03_15h55.17.821.csv, 5e3ff59bf2160b23942ada93
affixproject_PARTICIPANT_SESSION_2023-10-03_16h08.30.748.csv, 60f579085ebf24f9c80f223e
affixproject_PARTICIPANT_SESSION_2023-10-03_16h10.05.15.csv, 5e6d3324f14d262fced5bbfe
affixproject_PARTICIPANT_SESSION_2023-10-03_16h10.34.782.csv, 61001b6892ebd05a24fe82e1
affixproject_PARTICIPANT_SESSION_2023-10-03_16h11.14.279.csv, 650aee87054446f772acdfcc
affixproject_PARTICIPANT_SESSION_2023-10-03_16h11.22.857.csv, 5bcd11401662020001fe82c1
affixproject_PARTICIPANT_SESSION_2023-10-03_16h12.00.469.csv, 5fd2416e5061f30735e202e9
affixproject_PARTICIPANT_SESSION_2023-10-03_16h12.01.891.csv, 5f0471a92ec97b6d1aec7739
affixproject_PARTICIPANT_SESSION_2023-10-03_16h12.41.569.csv, 610958b8473c7b96e4bd207d
affixproject_PARTICIPANT_SESSION_2023-10-03_16h12.43.972.csv, 60ec51c51a3158a50ded8a3e
affixproject_PARTICIPANT_SESSION_2023-10-03_16h12.45.885.csv, 60957b300f08087b0af0031c
affixproject_PARTICIPANT_SESSION_2023-10-03_16h12.57.839.csv, 60f88d7fef1959734061e5a7
affixproject_PARTICIPANT_SESSION_2023-10-03_16h13.22.106.csv, 5e2c6968e97bec29709a53c6
affixproject_PARTICIPANT_SESSION_2023-10-03_16h13.59.368.csv, 5f350f459bf003464a03ea5e
affixproject_PARTICIPANT_SESSION_2023-10-03_16h14.03.778.csv, 6163faf9d9ac4586fe776568
affixproject_PARTICIPANT_SESSION_2023-10-03_16h14.12.661.csv, 5ec12ed7a66dbf01c7d740c1
affixproject_PARTICIPANT_SESSION_2023-10-03_16h14.23.722.csv, 5ebc0c153f8b2e04d3833423
affixproject_PARTICIPANT_SESSION_2023-10-03_16h14.26.229.csv, 5fc781689771f106330abf6a
affixproject_PARTICIPANT_SESSION_2023-10-03_16h14.32.100.csv, 614dd6473c74b217ad73cc9c
affixproject_PARTICIPANT_SESSION_2023-10-03_16h14.44.84.csv, 5e42b6421f44d3143440b25c
affixproject_PARTICIPANT_SESSION_2023-10-03_16h14.54.405.csv, 5f5e7de4c81d3672642cd612
affixproject_PARTICIPANT_SESSION_2023-10-03_16h15.18.363.csv, 5e8e55509422bb10abed1f54
affixproject_PARTICIPANT_SESSION_2023-10-03_16h15.40.850.csv, 5f33c58329beab1f63c0dfaa
affixproject_PARTICIPANT_SESSION_2023-10-03_16h15.55.574.csv, 5f1e8dc7e2161c86cdcd220a
affixproject_PARTICIPANT_SESSION_2023-10-03_16h16.25.36.csv, 61055020201a7da5a704f7dd
affixproject_PARTICIPANT_SESSION_2023-10-03_16h16.48.953.csv, 5f18a80367ef6b0bbc5f3720
affixproject_PARTICIPANT_SESSION_2023-10-03_16h17.17.765.csv, 60f6b8f8e574e14634ead43e
affixproject_PARTICIPANT_SESSION_2023-10-03_16h17.18.341.csv, 607ea5504e74d104da5a108a
affixproject_PARTICIPANT_SESSION_2023-10-03_16h17.23.123.csv, 60dee3200c7c3355c62326d9
affixproject_PARTICIPANT_SESSION_2023-10-03_16h17.25.434.csv, 5fa4725a186c050edc3bcc20
affixproject_PARTICIPANT_SESSION_2023-10-03_16h17.32.78.csv, 5f0d65ef2ad0c60009209f0f
affixproject_PARTICIPANT_SESSION_2023-10-03_16h17.39.601.csv, 5fdbf74c5474cd11e39eeaf3
affixproject_PARTICIPANT_SESSION_2023-10-03_16h17.49.20.csv, 617142c2a843eef6f8f148b6
affixproject_PARTICIPANT_SESSION_2023-10-03_16h17.52.607.csv, 5ecbb4c00bc62403dae2df59
affixproject_PARTICIPANT_SESSION_2023-10-03_16h17.53.843.csv, 60eb26fb8db6845a14fe5a91
affixproject_PARTICIPANT_SESSION_2023-10-03_16h17.55.968.csv, 611e9c16e90a0d4c6f0d8df5
affixproject_PARTICIPANT_SESSION_2023-10-03_16h18.09.704.csv, 5b213220809d160001a2c36d
affixproject_PARTICIPANT_SESSION_2023-10-03_16h18.12.667.csv, 5e8c57d9b4483e012006e7aa
affixproject_PARTICIPANT_SESSION_2023-10-03_16h18.12.78.csv, 6155e204cc071b306458dfff
affixproject_PARTICIPANT_SESSION_2023-10-03_16h18.26.191.csv, 60a3fe2d888e7a090d6d8f82
affixproject_PARTICIPANT_SESSION_2023-10-03_16h18.40.985.csv, 5fa4258658811d03fbc6ce8b
affixproject_PARTICIPANT_SESSION_2023-10-03_16h18.43.285.csv, 61125e23136464bd2cbbefc9
affixproject_PARTICIPANT_SESSION_2023-10-03_16h18.46.206.csv, 61275a3158c67415afb971ff
affixproject_PARTICIPANT_SESSION_2023-10-03_16h19.12.537.csv, 5ec6d06c67b0da0fb6f85e83
affixproject_PARTICIPANT_SESSION_2023-10-03_16h19.35.702.csv, 6042a56575ab0c1ccffc3152
affixproject_PARTICIPANT_SESSION_2023-10-03_16h19.50.396.csv, 615b1ab789b14c9996251fb4
affixproject_PARTICIPANT_SESSION_2023-10-03_16h20.07.874.csv, 60c49e68081928c86ba7b98a
affixproject_PARTICIPANT_SESSION_2023-10-03_16h20.12.297.csv, 60db4aed5dd7b87124f51341
affixproject_PARTICIPANT_SESSION_2023-10-03_16h20.42.321.csv, 5dcb33ab0550ef819f508abf
affixproject_PARTICIPANT_SESSION_2023-10-03_16h20.46.781.csv, 613867f34e206e4f573bc6ef
affixproject_PARTICIPANT_SESSION_2023-10-03_16h20.46.799.csv, 5f219602670e5a0af2cf5237
affixproject_PARTICIPANT_SESSION_2023-10-03_16h20.51.670.csv, 65032a60861e9a17bc1a7444
affixproject_PARTICIPANT_SESSION_2023-10-03_16h21.09.736.csv, 614c8e5469405530dc27b9d5
affixproject_PARTICIPANT_SESSION_2023-10-03_16h21.25.457.csv, 614b323022fcd8b7408005a6
affixproject_PARTICIPANT_SESSION_2023-10-03_16h21.31.393.csv, 5aa787c66219a30001c765f8
affixproject_PARTICIPANT_SESSION_2023-10-03_16h21.32.699.csv, 60491025dd8eb31e48a0ca8d
affixproject_PARTICIPANT_SESSION_2023-10-03_16h21.39.338.csv, 616eb493bb7e4ab4fa1de8d4
affixproject_PARTICIPANT_SESSION_2023-10-03_16h21.39.629.csv, 6074768dc48e0753011d3d72
affixproject_PARTICIPANT_SESSION_2023-10-03_16h21.41.136.csv, 610d2275ba5f1ee0fdcee3e8
affixproject_PARTICIPANT_SESSION_2023-10-03_16h22.27.654.csv, 6156b68cc77b48d6693b361c
affixproject_PARTICIPANT_SESSION_2023-10-03_16h22.28.946.csv, 61301fcb49db2f170cb02b93
affixproject_PARTICIPANT_SESSION_2023-10-03_16h22.34.437.csv, 610a52647a452dee7ca89360
affixproject_PARTICIPANT_SESSION_2023-10-03_16h22.37.322.csv, 5ea9cd383b32cf15448a86ac
affixproject_PARTICIPANT_SESSION_2023-10-03_16h22.41.404.csv, 6093cacf9a39751eedd55916
affixproject_PARTICIPANT_SESSION_2023-10-03_16h22.45.886.csv, 60e9ea97d19e613e60a994da
affixproject_PARTICIPANT_SESSION_2023-10-03_16h22.58.866.csv, 64a288758b7c82ff2d18da75
affixproject_PARTICIPANT_SESSION_2023-10-03_16h23.06.251.csv, 615da9ee365ab7d547b98979
affixproject_PARTICIPANT_SESSION_2023-10-03_16h23.06.389.csv, 600f0f9c3bfcdc077c924e51
affixproject_PARTICIPANT_SESSION_2023-10-03_16h23.17.315.csv, 60f030dca19a06db1b50d16a
affixproject_PARTICIPANT_SESSION_2023-10-03_16h23.35.428.csv, 60670ac0fc7e169231369ab1
affixproject_PARTICIPANT_SESSION_2023-10-03_16h23.37.780.csv, 601951245f481e000980504f
affixproject_PARTICIPANT_SESSION_2023-10-03_16h24.18.791.csv, 611bdb0fed7c9df6dce28c3f
affixproject_PARTICIPANT_SESSION_2023-10-03_16h24.40.599.csv, 5eb71c59c55b3b0ce571ae7c
affixproject_PARTICIPANT_SESSION_2023-10-03_16h25.25.611.csv, 5eef3de3fb4e031bf546d887
affixproject_PARTICIPANT_SESSION_2023-10-03_16h25.35.173.csv, 615f371e6688c87e53e7acf5
affixproject_PARTICIPANT_SESSION_2023-10-03_16h26.04.729.csv, 617679054948369cb824d837
affixproject_PARTICIPANT_SESSION_2023-10-03_16h26.58.924.csv, 6065d7d47409810344f7e6bb
affixproject_PARTICIPANT_SESSION_2023-10-03_16h26.59.437.csv, 63ee5d8aaee278de46b7d4cc
affixproject_PARTICIPANT_SESSION_2023-10-03_16h27.12.194.csv, 6171349b89a54d4823f9eca1
affixproject_PARTICIPANT_SESSION_2023-10-03_16h27.58.755.csv, 5e87b28549538b0fdf96b318
affixproject_PARTICIPANT_SESSION_2023-10-03_16h28.06.115.csv, 613f57084e80f056c78f9b7b
affixproject_PARTICIPANT_SESSION_2023-10-03_16h28.09.155.csv, 5f47e34858dd331165bf9f00
affixproject_PARTICIPANT_SESSION_2023-10-03_16h28.22.539.csv, 611cebb780fbae98c5bcc84d
affixproject_PARTICIPANT_SESSION_2023-10-03_16h29.13.746.csv, 6107d788163252e3b5c348e3
affixproject_PARTICIPANT_SESSION_2023-10-03_16h29.20.772.csv, 5eaae42f19a24d05cbd6ccb4
affixproject_PARTICIPANT_SESSION_2023-10-03_16h29.30.772.csv, 60d478e72e8251287b641b2d
affixproject_PARTICIPANT_SESSION_2023-10-03_16h29.49.218.csv, 64764d56699f097a96ec6e5c
affixproject_PARTICIPANT_SESSION_2023-10-03_16h30.21.848.csv, 615b41767003d4ece749ed9d
affixproject_PARTICIPANT_SESSION_2023-10-03_16h30.43.535.csv, 6156a440279fdf408ee663ae
affixproject_PARTICIPANT_SESSION_2023-10-03_16h31.22.140.csv, 5f7bd801486f5e1ce581980f
affixproject_PARTICIPANT_SESSION_2023-10-03_16h31.31.985.csv, 6131f7010e926c9103558040
affixproject_PARTICIPANT_SESSION_2023-10-03_16h32.13.443.csv, 5f0f93938935de000855898b
affixproject_PARTICIPANT_SESSION_2023-10-03_16h32.53.218.csv, 60e3b18d3d4205b4c52ada56
affixproject_PARTICIPANT_SESSION_2023-10-03_16h35.36.202.csv, 5f708f5f0d32bb66960d4473
affixproject_PARTICIPANT_SESSION_2023-10-03_16h35.50.388.csv, 5e8b66490d48450346bf2755
affixproject_PARTICIPANT_SESSION_2023-10-03_16h38.10.950.csv, 60edd136d544e7c8f5fac8a7
affixproject_PARTICIPANT_SESSION_2023-10-03_16h39.07.268.csv, 60536ffae4f98513b671f482
affixproject_PARTICIPANT_SESSION_2023-10-03_16h43.02.226.csv, 6144742e57a61e489cc9e978
affixproject_PARTICIPANT_SESSION_2023-10-03_16h43.34.776.csv, 6120211d8e1eab16fcb7ad69
affixproject_PARTICIPANT_SESSION_2023-10-03_16h48.05.981.csv, 615b042301e3a24311563ee4
affixproject_PARTICIPANT_SESSION_2023-10-03_16h50.22.499.csv, 5e577e79ce30ae13226e61ae
affixproject_PARTICIPANT_SESSION_2023-10-03_16h51.50.355.csv, 601705a0246e51313e8ed38e
affixproject_PARTICIPANT_SESSION_2023-10-03_16h52.30.251.csv, 612a98181f4b6d1cf01f926c
affixproject_PARTICIPANT_SESSION_2023-10-03_16h55.58.571.csv, 611eafa6011b0423f7d7230f
affixproject_PARTICIPANT_SESSION_2023-10-03_17h02.56.525.csv, 60f56f0103876eae7c0d870f
affixproject_PARTICIPANT_SESSION_2023-10-03_17h09.53.422.csv, 5c1bfabab0fcc900019d9ff4
affixproject_PARTICIPANT_SESSION_2023-10-03_17h10.44.923.csv, 5eb35dff41a381156be161c2
affixproject_PARTICIPANT_SESSION_2023-10-03_17h17.18.823.csv, 5cbe02ab39447e0001745a5e
affixproject_PARTICIPANT_SESSION_2023-10-03_17h23.28.672.csv, 602bb123612bfe330818d4ef
affixproject_PARTICIPANT_SESSION_2023-10-03_17h25.30.264.csv, 5fc2d2d79da439201ab6addc
affixproject_PARTICIPANT_SESSION_2023-10-03_17h28.30.100.csv, 5ea9611edec14d052ada0bae
affixproject_PARTICIPANT_SESSION_2023-10-03_17h31.27.610.csv, 64ef422a4789bd6b6b9042ce
affixproject_PARTICIPANT_SESSION_2023-10-03_17h58.17.760.csv, 611eeafa283a2d1f57537fea
affixproject_PARTICIPANT_SESSION_2023-10-03_18h00.34.273.csv, 65089e7ce53888b0b3840c62
affixproject_PARTICIPANT_SESSION_2023-10-03_18h00.43.831.csv, 611dc53f0098557586e89b17
affixproject_PARTICIPANT_SESSION_2023-10-03_18h05.30.6.csv, 5fd9c5c67fa7c74ec42bb318
affixproject_PARTICIPANT_SESSION_2023-10-03_18h05.52.894.csv, 6124a4ba3df07e768bd9c90b
affixproject_PARTICIPANT_SESSION_2023-10-03_18h05.56.792.csv, 61520b079436973e05f72d33
affixproject_PARTICIPANT_SESSION_2023-10-03_18h09.43.774.csv, 5f33289c1fe9181376ee67d9
affixproject_PARTICIPANT_SESSION_2023-10-03_18h09.57.31.csv, 5f91dc284909fe0b08f9e2e1
affixproject_PARTICIPANT_SESSION_2023-10-04_09h49.47.787.csv, 5ecd21dec04cca02c9032485
affixproject_PARTICIPANT_SESSION_2023-10-04_10h50.25.180.csv, 60e703e4908998ebc5679e8a
affixproject_PARTICIPANT_SESSION_2023-10-04_10h57.30.104.csv, 61143bd22a1649da3b52ae32
affixproject_PARTICIPANT_SESSION_2023-10-04_10h59.50.955.csv, 614c80483d06dcf7ad552679
affixproject_PARTICIPANT_SESSION_2023-10-04_11h05.29.686.csv, 6171d922c871ba795b6a4827
affixproject_PARTICIPANT_SESSION_2023-10-04_11h53.03.771.csv, 6100174f92a7a0e5141b195e
